<?xml version="1.0" encoding="UTF-8"?>
<root>
  <item name="com.alorma.timeline.TimelineView int getLineStyle()">
    <annotation name="android.support.annotation.IntDef">
      <val name="value" val="{com.alorma.timeline.TimelineView.STYLE_DASHED, com.alorma.timeline.TimelineView.STYLE_LINEAR}" />
    </annotation>
  </item>
  <item name="com.alorma.timeline.TimelineView int getTimelineAlignment()">
    <annotation name="android.support.annotation.IntDef">
      <val name="value" val="{com.alorma.timeline.TimelineView.ALIGNMENT_START, com.alorma.timeline.TimelineView.ALIGNMENT_MIDDLE, com.alorma.timeline.TimelineView.ALIGNMENT_END}" />
    </annotation>
  </item>
  <item name="com.alorma.timeline.TimelineView int getTimelineAlignment(int)">
    <annotation name="android.support.annotation.IntDef">
      <val name="value" val="{com.alorma.timeline.TimelineView.ALIGNMENT_START, com.alorma.timeline.TimelineView.ALIGNMENT_MIDDLE, com.alorma.timeline.TimelineView.ALIGNMENT_END}" />
    </annotation>
  </item>
  <item name="com.alorma.timeline.TimelineView int getTimelineStyle(int)">
    <annotation name="android.support.annotation.IntDef">
      <val name="value" val="{com.alorma.timeline.TimelineView.STYLE_DASHED, com.alorma.timeline.TimelineView.STYLE_LINEAR}" />
    </annotation>
  </item>
  <item name="com.alorma.timeline.TimelineView int getTimelineType()">
    <annotation name="android.support.annotation.IntDef">
      <val name="value" val="{com.alorma.timeline.TimelineView.TYPE_HIDDEN, com.alorma.timeline.TimelineView.TYPE_START, com.alorma.timeline.TimelineView.TYPE_MIDDLE, com.alorma.timeline.TimelineView.TYPE_LINE, com.alorma.timeline.TimelineView.TYPE_END}" />
    </annotation>
  </item>
  <item name="com.alorma.timeline.TimelineView int getTimelineType(int)">
    <annotation name="android.support.annotation.IntDef">
      <val name="value" val="{com.alorma.timeline.TimelineView.TYPE_HIDDEN, com.alorma.timeline.TimelineView.TYPE_START, com.alorma.timeline.TimelineView.TYPE_MIDDLE, com.alorma.timeline.TimelineView.TYPE_LINE, com.alorma.timeline.TimelineView.TYPE_END}" />
    </annotation>
  </item>
  <item name="com.alorma.timeline.TimelineView void setTimelineAlignment(int) 0">
    <annotation name="android.support.annotation.IntDef">
      <val name="value" val="{com.alorma.timeline.TimelineView.ALIGNMENT_START, com.alorma.timeline.TimelineView.ALIGNMENT_MIDDLE, com.alorma.timeline.TimelineView.ALIGNMENT_END}" />
    </annotation>
  </item>
  <item name="com.alorma.timeline.TimelineView void setTimelineStyle(int) 0">
    <annotation name="android.support.annotation.IntDef">
      <val name="value" val="{com.alorma.timeline.TimelineView.STYLE_DASHED, com.alorma.timeline.TimelineView.STYLE_LINEAR}" />
    </annotation>
  </item>
  <item name="com.alorma.timeline.TimelineView void setTimelineType(int) 0">
    <annotation name="android.support.annotation.IntDef">
      <val name="value" val="{com.alorma.timeline.TimelineView.TYPE_HIDDEN, com.alorma.timeline.TimelineView.TYPE_START, com.alorma.timeline.TimelineView.TYPE_MIDDLE, com.alorma.timeline.TimelineView.TYPE_LINE, com.alorma.timeline.TimelineView.TYPE_END}" />
    </annotation>
  </item>
</root>

